,Ref to signal ratio,Pulse type,Amplitude,Phase,Q,P,Bob's quadrature,Bob's quadrature value,alpha,T_eff,Rotated Q,Rotated P,Ultimate state,Alice bits,Linear difference
0,2,ref,1.0,0.0,1.0,0.0,Q,0.7867389616848364,0.11470797294051452,0.7919434149560989,0.7867389616848364,0.090643139064098,-,-,-
1,4,ref,1.0,0.0,1.0,0.0,P,0.090643139064098,0.11470797294051452,0.7919434149560989,0.7867389616848364,0.090643139064098,-,-,-
2,-,signal,0.3265431841527176,-2.6927620644492753,-0.29420076018305985,-0.1416910859027671,Q,-0.2186158757896825,0.11470797294051452,0.7919434149560989,-0.21861587578968245,-0.13814117822117639,-0.21861587578968245,011001000000,5.551115123125783e-17
3,-,signal,0.3265431841527176,2.0196269159354143,-0.14169108590276708,0.2942007601830599,Q,-0.1381411782211764,0.11470797294051452,0.7919434149560989,-0.13814117822117639,0.21861587578968253,-0.13814117822117639,011011100101,2.7755575615628914e-17
4,-,signal,0.3265431841527176,-2.6927620644492753,-0.29420076018305985,-0.1416910859027671,Q,-0.2357269870952381,0.11470797294051452,0.7919434149560989,-0.21861587578968245,-0.13814117822117639,-0.21861587578968245,011001000000,0.01711111130555565
5,-,signal,0.3265431841527176,2.0196269159354143,-0.14169108590276708,0.2942007601830599,Q,-0.1410901978745098,0.11470797294051452,0.7919434149560989,-0.13814117822117639,0.21861587578968253,-0.13814117822117639,011011100101,0.0029490196533334123
6,2,ref,1.0,0.0,1.0,0.0,Q,0.7910601875871469,0.11256114125880512,0.7960981509358949,0.7910601875871469,0.0894206102536702,-,-,-
7,4,ref,1.0,0.0,1.0,0.0,P,0.0894206102536702,0.11256114125880512,0.7960981509358949,0.7910601875871469,0.0894206102536702,-,-,-
8,-,signal,0.3265431841527176,-2.6927620644492753,-0.29420076018305985,-0.1416910859027671,Q,-0.2209437527929688,0.11256114125880512,0.7960981509358949,-0.22006040516976189,-0.13839378850633238,-0.22006040516976189,011000111101,0.0008833476232069093
9,-,signal,0.3265431841527176,2.0196269159354143,-0.14169108590276708,0.2942007601830599,Q,-0.1390330726456693,0.11256114125880512,0.7960981509358949,-0.13839378850633238,0.220060405169762,-0.13839378850633238,011011100100,0.0006392841393369209
10,-,signal,0.3265431841527176,-2.6927620644492753,-0.29420076018305985,-0.1416910859027671,Q,-0.2376937529785156,0.11256114125880512,0.7960981509358949,-0.22006040516976189,-0.13839378850633238,-0.22006040516976189,011000111101,0.017633347808753724
11,-,signal,0.3265431841527176,2.0196269159354143,-0.14169108590276708,0.2942007601830599,Q,-0.1422771671685039,0.11256114125880512,0.7960981509358949,-0.13839378850633238,0.220060405169762,-0.13839378850633238,011011100100,0.003883378662171505
12,2,ref,1.0,0.0,1.0,0.0,Q,0.7885287927609755,0.10921948398382723,0.7932554219235276,0.7885287927609755,0.0864667993971807,-,-,-
13,4,ref,1.0,0.0,1.0,0.0,P,0.0864667993971807,0.10921948398382723,0.7932554219235276,0.7885287927609755,0.0864667993971807,-,-,-
14,-,signal,0.3265431841527176,-2.6927620644492753,-0.29420076018305985,-0.1416910859027671,Q,-0.2201312527890625,0.10921948398382723,0.7932554219235276,-0.21973419555538623,-0.13716609902514734,-0.21973419555538623,011000111110,0.000397057233676279
15,-,signal,0.3265431841527176,2.0196269159354143,-0.14169108590276708,0.2942007601830599,Q,-0.1362614190299212,0.10921948398382723,0.7932554219235276,-0.13716609902514731,0.21973419555538626,-0.13716609902514731,011011100111,-0.0009046799952261153
16,-,signal,0.3265431841527176,-2.6927620644492753,-0.29420076018305985,-0.1416910859027671,Q,-0.2362250029746094,0.10921948398382723,0.7932554219235276,-0.21973419555538623,-0.13716609902514734,-0.21973419555538623,011000111110,0.01649080741922318
17,-,signal,0.3265431841527176,2.0196269159354143,-0.14169108590276708,0.2942007601830599,Q,-0.1407653561374015,0.10921948398382723,0.7932554219235276,-0.13716609902514731,0.21973419555538626,-0.13716609902514731,011011100111,0.0035992571122541728
18,2,ref,1.0,0.0,1.0,0.0,Q,0.7880448903219511,0.10859927174787842,0.7927148588648057,0.7880448903219511,0.0859191381620706,-,-,-
19,4,ref,1.0,0.0,1.0,0.0,P,0.0859191381620706,0.10859927174787842,0.7927148588648057,0.7880448903219511,0.0859191381620706,-,-,-
20,-,signal,0.3265431841527176,-2.6927620644492753,-0.29420076018305985,-0.1416910859027671,Q,-0.218443752765625,0.10859927174787842,0.7927148588648057,-0.21966942980508034,-0.13693641201139878,-0.21966942980508034,011000111110,-0.0012256770394553362
21,-,signal,0.3265431841527176,2.0196269159354143,-0.14169108590276708,0.2942007601830599,Q,-0.1387496080547244,0.10859927174787842,0.7927148588648057,-0.13693641201139875,0.2196694298050804,-0.13693641201139875,011011100111,0.0018131960433256378
22,-,signal,0.3265431841527176,-2.6927620644492753,-0.29420076018305985,-0.1416910859027671,Q,-0.2371937529804687,0.10859927174787842,0.7927148588648057,-0.21966942980508034,-0.13693641201139878,-0.21966942980508034,011000111110,0.01752432317538835
23,-,signal,0.3265431841527176,2.0196269159354143,-0.14169108590276708,0.2942007601830599,Q,-0.1407968522047243,0.10859927174787842,0.7927148588648057,-0.13693641201139875,0.2196694298050804,-0.13693641201139875,011011100111,0.0038604401933255428
24,2,ref,1.0,0.0,1.0,0.0,Q,0.7912349637883495,0.10416202050604144,0.7955467957382742,0.7912349637883495,0.0827159977772423,-,-,-
25,4,ref,1.0,0.0,1.0,0.0,P,0.0827159977772423,0.10416202050604144,0.7955467957382742,0.7912349637883495,0.0827159977772423,-,-,-
26,-,signal,0.3265431841527176,-2.6927620644492753,-0.29420076018305985,-0.1416910859027671,Q,-0.2213276292723735,0.10416202050604144,0.7955467957382742,-0.22106180828335992,-0.1364460506487728,-0.22106180828335992,011000111011,0.0002658209890135932
27,-,signal,0.3265431841527176,2.0196269159354143,-0.14169108590276708,0.2942007601830599,Q,-0.136607875711811,0.10416202050604144,0.7955467957382742,-0.1364460506487728,0.22106180828335997,-0.1364460506487728,011011101000,0.0001618250630381901
28,-,signal,0.3265431841527176,-2.6927620644492753,-0.29420076018305985,-0.1416910859027671,Q,-0.2360513648463035,0.10416202050604144,0.7955467957382742,-0.22106180828335992,-0.1364460506487728,-0.22106180828335992,011000111011,0.014989556562943596
29,-,signal,0.3265431841527176,2.0196269159354143,-0.14169108590276708,0.2942007601830599,Q,-0.1398834663531496,0.10416202050604144,0.7955467957382742,-0.1364460506487728,0.22106180828335997,-0.1364460506487728,011011101000,0.003437415704376806
30,2,ref,1.0,0.0,1.0,0.0,Q,0.7902344816280428,0.10295933756746667,0.7944415517565986,0.7902344816280428,0.081650739148466,-,-,-
31,4,ref,1.0,0.0,1.0,0.0,P,0.081650739148466,0.10295933756746667,0.7944415517565986,0.7902344816280428,0.081650739148466,-,-,-
32,-,signal,0.3265431841527176,-2.6927620644492753,-0.29420076018305985,-0.1416910859027671,Q,-0.2198812527617187,0.10295933756746667,0.7944415517565986,-0.22091840332312673,-0.13599089134667505,-0.22091840332312673,011000111011,-0.0010371505614080456
33,-,signal,0.3265431841527176,2.0196269159354143,-0.14169108590276708,0.2942007601830599,Q,-0.1386236237929133,0.10295933756746667,0.7944415517565986,-0.13599089134667505,0.22091840332312676,-0.13599089134667505,011011101001,0.0026327324462382395
34,-,signal,0.3265431841527176,-2.6927620644492753,-0.29420076018305985,-0.1416910859027671,Q,-0.2369750029648437,0.10295933756746667,0.7944415517565986,-0.22091840332312673,-0.13599089134667505,-0.22091840332312673,011000111011,0.016056599641716962
35,-,signal,0.3265431841527176,2.0196269159354143,-0.14169108590276708,0.2942007601830599,Q,-0.1399149624011811,0.10295933756746667,0.7944415517565986,-0.13599089134667505,0.22091840332312676,-0.13599089134667505,011011101001,0.00392407105450604
36,2,ref,1.0,0.0,1.0,0.0,Q,0.794337996877907,0.09789388473413217,0.79815940931239,0.794337996877907,0.0780101877314593,-,-,-
37,4,ref,1.0,0.0,1.0,0.0,P,0.0780101877314593,0.09789388473413217,0.79815940931239,0.794337996877907,0.0780101877314593,-,-,-
38,-,signal,0.3265431841527176,-2.6927620644492753,-0.29420076018305985,-0.1416910859027671,Q,-0.2213364369089147,0.09789388473413217,0.79815940931239,-0.22264149431262006,-0.135501269884078,-0.22264149431262006,011000111000,-0.001305057403705373
39,-,signal,0.3265431841527176,2.0196269159354143,-0.14169108590276708,0.2942007601830599,Q,-0.1374823546564705,0.09789388473413217,0.79815940931239,-0.13550126988407799,0.22264149431262012,-0.13550126988407799,011011101010,0.001981084772392505
40,-,signal,0.3265431841527176,-2.6927620644492753,-0.29420076018305985,-0.1416910859027671,Q,-0.2377085301007752,0.09789388473413217,0.79815940931239,-0.22264149431262006,-0.135501269884078,-0.22264149431262006,011000111000,0.015067035788155131
41,-,signal,0.3265431841527176,2.0196269159354143,-0.14169108590276708,0.2942007601830599,Q,-0.1395843154945097,0.09789388473413217,0.79815940931239,-0.13550126988407799,0.22264149431262012,-0.13550126988407799,011011101010,0.0040830456104317125
42,2,ref,1.0,0.0,1.0,0.0,Q,0.7968539406517944,0.0949021222304871,0.8004558540002981,0.7968539406517945,0.07585098200453921,-,-,-
43,4,ref,1.0,0.0,1.0,0.0,P,0.0758509820045392,0.0949021222304871,0.8004558540002981,0.7968539406517945,0.07585098200453921,-,-,-
44,-,signal,0.3265431841527176,-2.6927620644492753,-0.29420076018305985,-0.1416910859027671,Q,-0.2188684852470817,0.0949021222304871,0.8004558540002981,-0.2236876270876104,-0.13522251672321892,-0.2236876270876104,011000110110,-0.004819141840528701
45,-,signal,0.3265431841527176,2.0196269159354143,-0.14169108590276708,0.2942007601830599,Q,-0.136196080125098,0.0949021222304871,0.8004558540002981,-0.13522251672321892,0.22368762708761042,-0.13522251672321892,011011101011,0.0009735634018790962
46,-,signal,0.3265431841527176,-2.6927620644492753,-0.29420076018305985,-0.1416910859027671,Q,-0.2360824932412451,0.0949021222304871,0.8004558540002981,-0.2236876270876104,-0.13522251672321892,-0.2236876270876104,011000110110,0.01239486615363472
47,-,signal,0.3265431841527176,2.0196269159354143,-0.14169108590276708,0.2942007601830599,Q,-0.1395215703952941,0.0949021222304871,0.8004558540002981,-0.13522251672321892,0.22368762708761042,-0.13522251672321892,011011101011,0.00429905367207517
48,2,ref,1.0,0.0,1.0,0.0,Q,0.7918241368443579,0.09383508142811552,0.7953229868254914,0.7918241368443579,0.0745197268091364,-,-,-
49,4,ref,1.0,0.0,1.0,0.0,P,0.0745197268091364,0.09383508142811552,0.7953229868254914,0.7918241368443579,0.0745197268091364,-,-,-
50,-,signal,0.3265431841527176,-2.6927620644492753,-0.29420076018305985,-0.1416910859027671,Q,-0.221016345196498,0.09383508142811552,0.7953229868254914,-0.22239648197814121,-0.1341181820693802,-0.22239648197814121,011000111000,-0.0013801367816432264
51,-,signal,0.3265431841527176,2.0196269159354143,-0.14169108590276708,0.2942007601830599,Q,-0.137899214327559,0.09383508142811552,0.7953229868254914,-0.1341181820693802,0.22239648197814127,-0.1341181820693802,011011101101,0.0037810322581788014
52,-,signal,0.3265431841527176,-2.6927620644492753,-0.29420076018305985,-0.1416910859027671,Q,-0.2359579796284047,0.09383508142811552,0.7953229868254914,-0.22239648197814121,-0.1341181820693802,-0.22239648197814121,011000111000,0.013561497650263488
53,-,signal,0.3265431841527176,2.0196269159354143,-0.14169108590276708,0.2942007601830599,Q,-0.1398204742251968,0.09383508142811552,0.7953229868254914,-0.1341181820693802,0.22239648197814127,-0.1341181820693802,011011101101,0.005702292155816607
54,2,ref,1.0,0.0,1.0,0.0,Q,0.7972419135033947,0.08989982754709594,0.8004744443412853,0.7972419135033946,0.07186562041014728,-,-,-
55,4,ref,1.0,0.0,1.0,0.0,P,0.0718656204101473,0.08989982754709594,0.8004744443412853,0.7972419135033946,0.07186562041014728,-,-,-
56,-,signal,0.3265431841527176,-2.6927620644492753,-0.29420076018305985,-0.1416910859027671,Q,-0.2207673179669261,0.08989982754709594,0.8004744443412853,-0.2243664592075061,-0.13410499260718847,-0.2243664592075061,011000110100,-0.0035991412405800005
57,-,signal,0.3265431841527176,2.0196269159354143,-0.14169108590276708,0.2942007601830599,Q,-0.1356944899043307,0.08989982754709594,0.8004744443412853,-0.13410499260718847,0.22436645920750614,-0.13410499260718847,011011101101,0.0015894972971422228
58,-,signal,0.3265431841527176,-2.6927620644492753,-0.29420076018305985,-0.1416910859027671,Q,-0.2360824932373541,0.08989982754709594,0.8004744443412853,-0.2243664592075061,-0.13410499260718847,-0.2243664592075061,011000110100,0.011716034029848
59,-,signal,0.3265431841527176,2.0196269159354143,-0.14169108590276708,0.2942007601830599,Q,-0.1392850411322834,0.08989982754709594,0.8004744443412853,-0.13410499260718847,0.22436645920750614,-0.13410499260718847,011011101101,0.005180048525094932
60,2,ref,1.0,0.0,1.0,0.0,Q,0.7952372217122092,0.08705024284366857,0.7982598168640754,0.7952372217122092,0.0694009828699411,-,-,-
61,4,ref,1.0,0.0,1.0,0.0,P,0.0694009828699411,0.08705024284366857,0.7982598168640754,0.7952372217122092,0.0694009828699411,-,-,-
62,-,signal,0.3265431841527176,-2.6927620644492753,-0.29420076018305985,-0.1416910859027671,Q,-0.2188868244554263,0.08705024284366857,0.7982598168640754,-0.22412589452803516,-0.13309584741249067,-0.22412589452803516,011000110101,-0.005239070072608876
63,-,signal,0.3265431841527176,2.0196269159354143,-0.14169108590276708,0.2942007601830599,Q,-0.1363874032940944,0.08705024284366857,0.7982598168640754,-0.13309584741249064,0.22412589452803522,-0.13309584741249064,011011101111,0.0032915558816037638
64,-,signal,0.3265431841527176,-2.6927620644492753,-0.29420076018305985,-0.1416910859027671,Q,-0.2375844991085271,0.08705024284366857,0.7982598168640754,-0.22412589452803516,-0.13309584741249067,-0.22412589452803516,011000110101,0.013458604580491945
65,-,signal,0.3265431841527176,2.0196269159354143,-0.14169108590276708,0.2942007601830599,Q,-0.1388755923240157,0.08705024284366857,0.7982598168640754,-0.13309584741249064,0.22412589452803522,-0.13309584741249064,011011101111,0.005779744911525053
66,2,ref,1.0,0.0,1.0,0.0,Q,0.7974575734195122,0.07906553178495472,0.7999566790312173,0.7974575734195121,0.0631831221333464,-,-,-
67,4,ref,1.0,0.0,1.0,0.0,P,0.0631831221333464,0.07906553178495472,0.7999566790312173,0.7974575734195121,0.0631831221333464,-,-,-
68,-,signal,0.3265431841527176,-2.6927620644492753,-0.29420076018305985,-0.1416910859027671,Q,-0.2210062527753906,0.07906553178495472,0.7999566790312173,-0.2256601391279577,-0.1315811521015659,-0.2256601391279577,011000110010,-0.00465388635256711
69,-,signal,0.3265431841527176,2.0196269159354143,-0.14169108590276708,0.2942007601830599,Q,-0.1369543324188976,0.07906553178495472,0.7999566790312173,-0.13158115210156587,0.22566013912795777,-0.13158115210156587,011011110010,0.005373180317331722
70,-,signal,0.3265431841527176,-2.6927620644492753,-0.29420076018305985,-0.1416910859027671,Q,-0.2361312529726563,0.07906553178495472,0.7999566790312173,-0.2256601391279577,-0.1315811521015659,-0.2256601391279577,011000110010,0.010471113844698593
71,-,signal,0.3265431841527176,2.0196269159354143,-0.14169108590276708,0.2942007601830599,Q,-0.1381826788889763,0.07906553178495472,0.7999566790312173,-0.13158115210156587,0.22566013912795777,-0.13158115210156587,011011110010,0.006601526787410439
72,2,ref,1.0,0.0,1.0,0.0,Q,0.7942557628684209,0.08456071915592389,0.7971039169607772,0.7942557628684209,0.0673233806676129,-,-,-
73,4,ref,1.0,0.0,1.0,0.0,P,0.0673233806676129,0.08456071915592389,0.7971039169607772,0.7942557628684209,0.0673233806676129,-,-,-
74,-,signal,0.3265431841527176,-2.6927620644492753,-0.29420076018305985,-0.1416910859027671,Q,-0.2202875027851562,0.08456071915592389,0.7971039169607772,-0.22413152630222613,-0.13234555129586248,-0.22413152630222613,011000110101,-0.0038440235170699444
75,-,signal,0.3265431841527176,2.0196269159354143,-0.14169108590276708,0.2942007601830599,Q,-0.1361354347677165,0.08456071915592389,0.7971039169607772,-0.13234555129586245,0.22413152630222619,-0.13234555129586245,011011110001,0.0037898834718540497
76,-,signal,0.3265431841527176,-2.6927620644492753,-0.29420076018305985,-0.1416910859027671,Q,-0.2355375029667969,0.08456071915592389,0.7971039169607772,-0.22413152630222613,-0.13234555129586248,-0.22413152630222613,011000110101,0.011405976664570772
77,-,signal,0.3265431841527176,2.0196269159354143,-0.14169108590276708,0.2942007601830599,Q,-0.1382456710330708,0.08456071915592389,0.7971039169607772,-0.13234555129586245,0.22413152630222619,-0.13234555129586245,011011110001,0.005900119737208359
78,2,ref,1.0,0.0,1.0,0.0,Q,0.7993680047361784,0.07959060259812939,0.8019065685769967,0.7993680047361784,0.0637568641875882,-,-,-
79,4,ref,1.0,0.0,1.0,0.0,P,0.0637568641875882,0.07959060259812939,0.8019065685769967,0.7993680047361784,0.0637568641875882,-,-,-
80,-,signal,0.3265431841527176,-2.6927620644492753,-0.29420076018305985,-0.1416910859027671,Q,-0.2198645942217899,0.07959060259812939,0.8019065685769967,-0.22614089533890488,-0.13202063853787396,-0.22614089533890488,011000110001,-0.006276301117114996
81,-,signal,0.3265431841527176,2.0196269159354143,-0.14169108590276708,0.2942007601830599,Q,-0.1360078448388235,0.07959060259812939,0.8019065685769967,-0.13202063853787394,0.2261408953389049,-0.13202063853787394,011011110001,0.003987206300949564
82,-,signal,0.3265431841527176,-2.6927620644492753,-0.29420076018305985,-0.1416910859027671,Q,-0.2356466955914397,0.07959060259812939,0.8019065685769967,-0.22614089533890488,-0.13202063853787396,-0.22614089533890488,011000110001,0.009505800252534807
83,-,signal,0.3265431841527176,2.0196269159354143,-0.14169108590276708,0.2942007601830599,Q,-0.1382352958662745,0.07959060259812939,0.8019065685769967,-0.13202063853787394,0.2261408953389049,-0.13202063853787394,011011110001,0.006214657328400569
84,2,ref,1.0,0.0,1.0,0.0,Q,0.7954505960836574,0.08679192252393865,0.7984560286364233,0.7954505960836573,0.0692125628481059,-,-,-
85,4,ref,1.0,0.0,1.0,0.0,P,0.0692125628481059,0.08679192252393865,0.7984560286364233,0.7954505960836573,0.0692125628481059,-,-,-
86,-,signal,0.3265431841527176,-2.6927620644492753,-0.29420076018305985,-0.1416910859027671,Q,-0.2220124541731518,0.08679192252393865,0.7984560286364233,-0.22421536686781846,-0.13307064734522736,-0.22421536686781846,011000110101,-0.002202912694666659
87,-,signal,0.3265431841527176,2.0196269159354143,-0.14169108590276708,0.2942007601830599,Q,-0.1374897654976377,0.08679192252393865,0.7984560286364233,-0.13307064734522733,0.22421536686781848,-0.13307064734522733,011011101111,0.004419118152410362
88,-,signal,0.3265431841527176,-2.6927620644492753,-0.29420076018305985,-0.1416910859027671,Q,-0.236922960192607,0.08679192252393865,0.7984560286364233,-0.22421536686781846,-0.13307064734522736,-0.22421536686781846,011000110101,0.012707593324788546
89,-,signal,0.3265431841527176,2.0196269159354143,-0.14169108590276708,0.2942007601830599,Q,-0.1377417340027558,0.08679192252393865,0.7984560286364233,-0.13307064734522733,0.22421536686781848,-0.13307064734522733,011011101111,0.004671086657528467
90,2,ref,1.0,0.0,1.0,0.0,Q,0.7930046635290696,0.08586455357529485,0.7959369721111332,0.7930046635290696,0.0682588250308039,-,-,-
91,4,ref,1.0,0.0,1.0,0.0,P,0.0682588250308039,0.08586455357529485,0.7959369721111332,0.7930046635290696,0.0682588250308039,-,-,-
92,-,signal,0.3265431841527176,-2.6927620644492753,-0.29420076018305985,-0.1416910859027671,Q,-0.2206542663643411,0.08586455357529485,0.7959369721111332,-0.22363090779790226,-0.1324434901146573,-0.22363090779790226,011000110110,-0.0029766414335611613
93,-,signal,0.3265431841527176,2.0196269159354143,-0.14169108590276708,0.2942007601830599,Q,-0.138141178197647,0.08586455357529485,0.7959369721111332,-0.13244349011465728,0.22363090779790235,-0.13244349011465728,011011110000,0.0056976880829897325
94,-,signal,0.3265431841527176,-2.6927620644492753,-0.29420076018305985,-0.1416910859027671,Q,-0.2362201580213178,0.08586455357529485,0.7959369721111332,-0.22363090779790226,-0.1324434901146573,-0.22363090779790226,011000110110,0.012589250223415532
95,-,signal,0.3265431841527176,2.0196269159354143,-0.14169108590276708,0.2942007601830599,Q,-0.139458825305098,0.08586455357529485,0.7959369721111332,-0.13244349011465728,0.22363090779790235,-0.13244349011465728,011011110000,0.00701533519044073
96,2,ref,1.0,0.0,1.0,0.0,Q,0.7965990368282926,0.0901686154340451,0.7998483696850871,0.7965990368282926,0.0720235309612647,-,-,-
97,4,ref,1.0,0.0,1.0,0.0,P,0.0720235309612647,0.0901686154340451,0.7998483696850871,0.7965990368282926,0.0720235309612647,-,-,-
98,-,signal,0.3265431841527176,-2.6927620644492753,-0.29420076018305985,-0.1416910859027671,Q,-0.2217250027988281,0.0901686154340451,0.7998483696850871,-0.22415494988352377,-0.13406036011717137,-0.22415494988352377,011000110101,-0.0024299470846956828
99,-,signal,0.3265431841527176,2.0196269159354143,-0.14169108590276708,0.2942007601830599,Q,-0.1364156879992156,0.0901686154340451,0.7998483696850871,-0.13406036011717135,0.22415494988352383,-0.13406036011717135,011011101101,0.0023553278820442614
100,-,signal,0.3265431841527176,-2.6927620644492753,-0.29420076018305985,-0.1416910859027671,Q,-0.2382562530058594,0.0901686154340451,0.7998483696850871,-0.22415494988352377,-0.13406036011717137,-0.22415494988352377,011000110101,0.014101303122335623
101,-,signal,0.3265431841527176,2.0196269159354143,-0.14169108590276708,0.2942007601830599,Q,-0.1396156880482352,0.0901686154340451,0.7998483696850871,-0.13406036011717135,0.22415494988352383,-0.13406036011717135,011011101101,0.005555327931063864
102,2,ref,1.0,0.0,1.0,0.0,Q,0.7942778009330745,0.09352730306026837,0.7977644231337684,0.7942778009330745,0.07450402514544652,-,-,-
103,4,ref,1.0,0.0,1.0,0.0,P,0.0745040251454465,0.09352730306026837,0.7977644231337684,0.7942778009330745,0.07450402514544652,-,-,-
104,-,signal,0.3265431841527176,-2.6927620644492753,-0.29420076018305985,-0.1416910859027671,Q,-0.2187751000466926,0.09352730306026837,0.7977644231337684,-0.22312057660405427,-0.1344612249571574,-0.22312057660405427,011000110111,-0.004345476557361672
105,-,signal,0.3265431841527176,2.0196269159354143,-0.14169108590276708,0.2942007601830599,Q,-0.1375527576362204,0.09352730306026837,0.7977644231337684,-0.13446122495715737,0.2231205766040543,-0.13446122495715737,011011101100,0.003091532679063036
106,-,signal,0.3265431841527176,-2.6927620644492753,-0.29420076018305985,-0.1416910859027671,Q,-0.2356778239824903,0.09352730306026837,0.7977644231337684,-0.22312057660405427,-0.1344612249571574,-0.22312057660405427,011000110111,0.012557247378436026
107,-,signal,0.3265431841527176,2.0196269159354143,-0.14169108590276708,0.2942007601830599,Q,-0.1407023640055118,0.09352730306026837,0.7977644231337684,-0.13446122495715737,0.2231205766040543,-0.13446122495715737,011011101100,0.006241139048354438
108,2,ref,1.0,0.0,1.0,0.0,Q,0.7945208700896685,0.09667151023270795,0.7982479316486202,0.7945208700896685,0.0770476954441609,-,-,-
109,4,ref,1.0,0.0,1.0,0.0,P,0.0770476954441609,0.09667151023270795,0.7982479316486202,0.7945208700896685,0.0770476954441609,-,-,-
110,-,signal,0.3265431841527176,-2.6927620644492753,-0.29420076018305985,-0.1416910859027671,Q,-0.2203500027949219,0.09667151023270795,0.7982479316486202,-0.22283167232789777,-0.1352440154254415,-0.22283167232789777,011000110111,-0.0024816695329758776
111,-,signal,0.3265431841527176,2.0196269159354143,-0.14169108590276708,0.2942007601830599,Q,-0.1389070883712597,0.09667151023270795,0.7982479316486202,-0.1352440154254415,0.22283167232789786,-0.1352440154254415,011011101011,0.003663072945818191
112,-,signal,0.3265431841527176,-2.6927620644492753,-0.29420076018305985,-0.1416910859027671,Q,-0.2366937529746094,0.09667151023270795,0.7982479316486202,-0.22283167232789777,-0.1352440154254415,-0.22283167232789777,011000110111,0.013862080646711628
113,-,signal,0.3265431841527176,2.0196269159354143,-0.14169108590276708,0.2942007601830599,Q,-0.1405763797374015,0.09667151023270795,0.7982479316486202,-0.1352440154254415,0.22283167232789786,-0.1352440154254415,011011101011,0.005332364311959992
114,2,ref,1.0,0.0,1.0,0.0,Q,0.7922758610281281,0.10484332430958995,0.7966502906555658,0.7922758610281282,0.0833705321665618,-,-,-
115,4,ref,1.0,0.0,1.0,0.0,P,0.0833705321665618,0.10484332430958995,0.7966502906555658,0.7922758610281282,0.0833705321665618,-,-,-
116,-,signal,0.3265431841527176,-2.6927620644492753,-0.29420076018305985,-0.1416910859027671,Q,-0.2194287965389105,0.10484332430958995,0.7966502906555658,-0.22127529935419188,-0.136786101023894,-0.22127529935419188,011000111011,-0.00184650281528137
117,-,signal,0.3265431841527176,2.0196269159354143,-0.14169108590276708,0.2942007601830599,Q,-0.1386866159303149,0.10484332430958995,0.7966502906555658,-0.136786101023894,0.22127529935419193,-0.136786101023894,011011100111,0.0019005149064209026
118,-,signal,0.3265431841527176,-2.6927620644492753,-0.29420076018305985,-0.1416910859027671,Q,-0.2369229602003891,0.10484332430958995,0.7966502906555658,-0.22127529935419188,-0.136786101023894,-0.22127529935419188,011000111011,0.01564766084619723
119,-,signal,0.3265431841527176,2.0196269159354143,-0.14169108590276708,0.2942007601830599,Q,-0.1407023639940944,0.10484332430958995,0.7966502906555658,-0.136786101023894,0.22127529935419193,-0.136786101023894,011011100111,0.003916262970200396
120,2,ref,1.0,0.0,1.0,0.0,Q,0.7896248184835271,0.11099668572192971,0.7945141074858747,0.7896248184835271,0.0880074600754563,-,-,-
121,4,ref,1.0,0.0,1.0,0.0,P,0.0880074600754563,0.11099668572192971,0.7945141074858747,0.7896248184835271,0.0880074600754563,-,-,-
122,-,signal,0.3265431841527176,-2.6927620644492753,-0.29420076018305985,-0.1416910859027671,Q,-0.2192279097286822,0.11099668572192971,0.7945141074858747,-0.21983834927162846,-0.13777465964268587,-0.21983834927162846,011000111101,-0.0006104395429462617
123,-,signal,0.3265431841527176,2.0196269159354143,-0.14169108590276708,0.2942007601830599,Q,-0.1382771670992125,0.11099668572192971,0.7945141074858747,-0.13777465964268584,0.21983834927162854,-0.13777465964268584,011011100101,0.000502507456526663
124,-,signal,0.3265431841527176,-2.6927620644492753,-0.29420076018305985,-0.1416910859027671,Q,-0.2356000029651163,0.11099668572192971,0.7945141074858747,-0.21983834927162846,-0.13777465964268587,-0.21983834927162846,011000111101,0.015761653693487837
125,-,signal,0.3265431841527176,2.0196269159354143,-0.14169108590276708,0.2942007601830599,Q,-0.1417417340921259,0.11099668572192971,0.7945141074858747,-0.13777465964268584,0.21983834927162854,-0.13777465964268584,011011100101,0.003967074449440056
126,2,ref,1.0,0.0,1.0,0.0,Q,0.7882518641296296,0.11497748318078432,0.7934909933182159,0.7882518641296294,0.0910327148518217,-,-,-
127,4,ref,1.0,0.0,1.0,0.0,P,0.0910327148518217,0.11497748318078432,0.7934909933182159,0.7882518641296294,0.0910327148518217,-,-,-
128,-,signal,0.3265431841527176,-2.6927620644492753,-0.29420076018305985,-0.1416910859027671,Q,-0.2198187527753906,0.11497748318078432,0.7934909933182159,-0.21900577342261945,-0.1384701565043413,-0.21900577342261945,011000111111,0.0008129793527711371
129,-,signal,0.3265431841527176,2.0196269159354143,-0.14169108590276708,0.2942007601830599,Q,-0.1394274527407843,0.11497748318078432,0.7934909933182159,-0.1384701565043413,0.21900577342261948,-0.1384701565043413,011011100100,0.0009572962364430004
130,-,signal,0.3265431841527176,-2.6927620644492753,-0.29420076018305985,-0.1416910859027671,Q,-0.2373187529921875,0.11497748318078432,0.7934909933182159,-0.21900577342261945,-0.1384701565043413,-0.21900577342261945,011000111111,0.01831297956956804
131,-,signal,0.3265431841527176,2.0196269159354143,-0.14169108590276708,0.2942007601830599,Q,-0.1420000018109803,0.11497748318078432,0.7934909933182159,-0.1384701565043413,0.21900577342261948,-0.1384701565043413,011011100100,0.0035298453066389957
132,2,ref,1.0,0.0,1.0,0.0,Q,0.7858191155224171,0.1219563944485048,0.791699437978252,0.7858191155224172,0.09631364272337581,-,-,-
133,4,ref,1.0,0.0,1.0,0.0,P,0.0963136427233758,0.1219563944485048,0.791699437978252,0.7858191155224172,0.09631364272337581,-,-,-
134,-,signal,0.3265431841527176,-2.6927620644492753,-0.29420076018305985,-0.1416910859027671,Q,-0.2207250027871094,0.1219563944485048,0.791699437978252,-0.21754179652834862,-0.13967911070674008,-0.21754179652834862,011001000010,0.0031832062587607846
135,-,signal,0.3265431841527176,2.0196269159354143,-0.14169108590276708,0.2942007601830599,Q,-0.1393795293043307,0.1219563944485048,0.791699437978252,-0.13967911070674008,0.21754179652834865,-0.13967911070674008,011011100010,-0.0002995814024093768
136,-,signal,0.3265431841527176,-2.6927620644492753,-0.29420076018305985,-0.1416910859027671,Q,-0.2346625029667969,0.1219563944485048,0.791699437978252,-0.21754179652834862,-0.13967911070674008,-0.21754179652834862,011001000010,0.017120706438448263
137,-,signal,0.3265431841527176,2.0196269159354143,-0.14169108590276708,0.2942007601830599,Q,-0.1428755923700787,0.1219563944485048,0.791699437978252,-0.13967911070674008,0.21754179652834865,-0.13967911070674008,011011100010,0.003196481663338635
138,2,ref,1.0,0.0,1.0,0.0,Q,0.7854360394761442,0.12677335132307116,0.7917901434026693,0.785436039476144,0.1001092357460019,-,-,-
139,4,ref,1.0,0.0,1.0,0.0,P,0.1001092357460019,0.12677335132307116,0.7917901434026693,0.785436039476144,0.1001092357460019,-,-,-
140,-,signal,0.3265431841527176,-2.6927620644492753,-0.29420076018305985,-0.1416910859027671,Q,-0.2202875028027344,0.12677335132307116,0.7917901434026693,-0.21689129356730627,-0.1407414985983624,-0.21689129356730627,011001000100,0.0033962092354281326
141,-,signal,0.3265431841527176,2.0196269159354143,-0.14169108590276708,0.2942007601830599,Q,-0.1407338600582677,0.12677335132307116,0.7917901434026693,-0.1407414985983624,0.2168912935673063,-0.1407414985983624,011011011111,-7.638540094695445e-06
142,-,signal,0.3265431841527176,-2.6927620644492753,-0.29420076018305985,-0.1416910859027671,Q,-0.2353187529804687,0.12677335132307116,0.7917901434026693,-0.21689129356730627,-0.1407414985983624,-0.21689129356730627,011001000100,0.018427459413162428
143,-,signal,0.3265431841527176,2.0196269159354143,-0.14169108590276708,0.2942007601830599,Q,-0.1438519703464566,0.12677335132307116,0.7917901434026693,-0.1407414985983624,0.2168912935673063,-0.1407414985983624,011011011111,0.0031104717480942012
144,2,ref,1.0,0.0,1.0,0.0,Q,0.7851102561160974,0.12765711604653132,0.7915511954246165,0.7851102561160974,0.10077291659694788,-,-,-
145,4,ref,1.0,0.0,1.0,0.0,P,0.1007729165969479,0.12765711604653132,0.7915511954246165,0.7851102561160974,0.10077291659694788,-,-,-
146,-,signal,0.3265431841527176,-2.6927620644492753,-0.29420076018305985,-0.1416910859027671,Q,-0.219725002765625,0.12765711604653132,0.7915511954246165,-0.21670141019466216,-0.14089059341117557,-0.21670141019466216,011001000100,0.003023592570962852
147,-,signal,0.3265431841527176,2.0196269159354143,-0.14169108590276708,0.2942007601830599,Q,-0.1409858285519684,0.12765711604653132,0.7915511954246165,-0.14089059341117557,0.2167014101946622,-0.14089059341117557,011011011111,9.523514079282092e-05
148,-,signal,0.3265431841527176,-2.6927620644492753,-0.29420076018305985,-0.1416910859027671,Q,-0.2352250029667969,0.12765711604653132,0.7915511954246165,-0.21670141019466216,-0.14089059341117557,-0.21670141019466216,011001000100,0.01852359277213475
149,-,signal,0.3265431841527176,2.0196269159354143,-0.14169108590276708,0.2942007601830599,Q,-0.1428755923685039,0.12765711604653132,0.7915511954246165,-0.14089059341117557,0.2167014101946622,-0.14089059341117557,011011011111,0.0019849989573283155
150,2,ref,1.0,0.0,1.0,0.0,Q,0.7789756218643902,0.13667545168352774,0.7863083871614359,0.7789756218643902,0.10713477615324159,-,-,-
151,4,ref,1.0,0.0,1.0,0.0,P,0.1071347761532416,0.13667545168352774,0.7863083871614359,0.7789756218643902,0.10713477615324159,-,-,-
152,-,signal,0.3265431841527176,-2.6927620644492753,-0.29420076018305985,-0.1416910859027671,Q,-0.2197562527695312,0.13667545168352774,0.7863083871614359,-0.2139951773454727,-0.14189303434007436,-0.2139951773454727,011001001001,0.005761075424058515
153,-,signal,0.3265431841527176,2.0196269159354143,-0.14169108590276708,0.2942007601830599,Q,-0.1412692931409448,0.13667545168352774,0.7863083871614359,-0.14189303434007436,0.21399517734547271,-0.14189303434007436,011011011101,-0.0006237411991295572
154,-,signal,0.3265431841527176,-2.6927620644492753,-0.29420076018305985,-0.1416910859027671,Q,-0.2350375029589844,0.13667545168352774,0.7863083871614359,-0.2139951773454727,-0.14189303434007436,-0.2139951773454727,011001001001,0.021042325613511714
155,-,signal,0.3265431841527176,2.0196269159354143,-0.14169108590276708,0.2942007601830599,Q,-0.1443559073452756,0.13667545168352774,0.7863083871614359,-0.14189303434007436,0.21399517734547271,-0.14189303434007436,011011011101,0.0024628730052012326
156,2,ref,1.0,0.0,1.0,0.0,Q,0.7799521055881208,0.1347441232774492,0.7870864640713913,0.7799521055881209,0.10573464386407261,-,-,-
157,4,ref,1.0,0.0,1.0,0.0,P,0.1057346438640726,0.1347441232774492,0.7870864640713913,0.7799521055881209,0.10573464386407261,-,-,-
158,-,signal,0.3265431841527176,-2.6927620644492753,-0.29420076018305985,-0.1416910859027671,Q,-0.2199125027695312,0.1347441232774492,0.7870864640713913,-0.21448084586376054,-0.1416194733954258,-0.21448084586376054,011001001000,0.00543165690577066
159,-,signal,0.3265431841527176,2.0196269159354143,-0.14169108590276708,0.2942007601830599,Q,-0.1410488206803149,0.1347441232774492,0.7870864640713913,-0.14161947339542577,0.2144808458637606,-0.14161947339542577,011011011110,-0.0005706527151108642
160,-,signal,0.3265431841527176,-2.6927620644492753,-0.29420076018305985,-0.1416910859027671,Q,-0.2361937529921875,0.1347441232774492,0.7870864640713913,-0.21448084586376054,-0.1416194733954258,-0.21448084586376054,011001001000,0.021712907128426967
161,-,signal,0.3265431841527176,2.0196269159354143,-0.14169108590276708,0.2942007601830599,Q,-0.1443244112889763,0.1347441232774492,0.7870864640713913,-0.14161947339542577,0.2144808458637606,-0.14161947339542577,011011011110,0.0027049378935505297
162,2,ref,1.0,0.0,1.0,0.0,Q,0.7799243785984405,0.13895721614845397,0.7875152609474038,0.7799243785984405,0.1090790992486359,-,-,-
163,4,ref,1.0,0.0,1.0,0.0,P,0.1090790992486359,0.13895721614845397,0.7875152609474038,0.7799243785984405,0.1090790992486359,-,-,-
164,-,signal,0.3265431841527176,-2.6927620644492753,-0.29420076018305985,-0.1416910859027671,Q,-0.2189437527714843,0.13895721614845397,0.7875152609474038,-0.21399880904712687,-0.14259948604468603,-0.21399880904712687,011001001001,0.004944943724357442
165,-,signal,0.3265431841527176,2.0196269159354143,-0.14169108590276708,0.2942007601830599,Q,-0.1400724427129921,0.13895721614845397,0.7875152609474038,-0.142599486044686,0.2139988090471269,-0.142599486044686,011011011100,-0.002527043331693901
166,-,signal,0.3265431841527176,-2.6927620644492753,-0.29420076018305985,-0.1416910859027671,Q,-0.2366000029882813,0.13895721614845397,0.7875152609474038,-0.21399880904712687,-0.14259948604468603,-0.21399880904712687,011001001001,0.022601193941154424
167,-,signal,0.3265431841527176,2.0196269159354143,-0.14169108590276708,0.2942007601830599,Q,-0.1434740175748031,0.13895721614845397,0.7875152609474038,-0.142599486044686,0.2139988090471269,-0.142599486044686,011011011100,0.0008745315301171008
168,2,ref,1.0,0.0,1.0,0.0,Q,0.7825538583427458,0.13463845895907114,0.7897007079001814,0.7825538583427458,0.10600314547658152,-,-,-
169,4,ref,1.0,0.0,1.0,0.0,P,0.1060031454765815,0.13463845895907114,0.7897007079001814,0.7825538583427458,0.10600314547658152,-,-,-
170,-,signal,0.3265431841527176,-2.6927620644492753,-0.29420076018305985,-0.1416910859027671,Q,-0.2197250027753906,0.13463845895907114,0.7897007079001814,-0.21520823921693655,-0.14206711194698962,-0.21520823921693655,011001000111,0.00451676355845404
171,-,signal,0.3265431841527176,2.0196269159354143,-0.14169108590276708,0.2942007601830599,Q,-0.1400409466334645,0.13463845895907114,0.7897007079001814,-0.14206711194698962,0.21520823921693658,-0.14206711194698962,011011011101,-0.002026165313525119
172,-,signal,0.3265431841527176,-2.6927620644492753,-0.29420076018305985,-0.1416910859027671,Q,-0.2368812529765625,0.13463845895907114,0.7897007079001814,-0.21520823921693655,-0.14206711194698962,-0.21520823921693655,011001000111,0.021673013759625964
173,-,signal,0.3265431841527176,2.0196269159354143,-0.14169108590276708,0.2942007601830599,Q,-0.142749608107874,0.13463845895907114,0.7897007079001814,-0.14206711194698962,0.21520823921693658,-0.14206711194698962,011011011101,0.000682496160884366
174,2,ref,1.0,0.0,1.0,0.0,Q,0.7791237475223736,0.13496480499347657,0.7862740708509919,0.7791237475223736,0.1057974505330029,-,-,-
175,4,ref,1.0,0.0,1.0,0.0,P,0.1057974505330029,0.13496480499347657,0.7862740708509919,0.7791237475223736,0.1057974505330029,-,-,-
176,-,signal,0.3265431841527176,-2.6927620644492753,-0.29420076018305985,-0.1416910859027671,Q,-0.2190863840700389,0.13496480499347657,0.7862740708509919,-0.21422824314599126,-0.14152058021131758,-0.21422824314599126,011001001001,0.004858140924047627
177,-,signal,0.3265431841527176,2.0196269159354143,-0.14169108590276708,0.2942007601830599,Q,-0.1395685057003936,0.13496480499347657,0.7862740708509919,-0.14152058021131758,0.2142282431459913,-0.14152058021131758,011011011110,-0.0019520745109239679
178,-,signal,0.3265431841527176,-2.6927620644492753,-0.29420076018305985,-0.1416910859027671,Q,-0.2360824932431907,0.13496480499347657,0.7862740708509919,-0.21422824314599126,-0.14152058021131758,-0.21422824314599126,011001001001,0.021854250097199435
179,-,signal,0.3265431841527176,2.0196269159354143,-0.14169108590276708,0.2942007601830599,Q,-0.1424661435440944,0.13496480499347657,0.7862740708509919,-0.14152058021131758,0.2142282431459913,-0.14152058021131758,011011011110,0.0009455633327768165
180,2,ref,1.0,0.0,1.0,0.0,Q,0.7837606359961014,0.13246376234099533,0.790687455929828,0.7837606359961012,0.10443140537104019,-,-,-
181,4,ref,1.0,0.0,1.0,0.0,P,0.1044314053710402,0.13246376234099533,0.790687455929828,0.7837606359961012,0.10443140537104019,-,-,-
182,-,signal,0.3265431841527176,-2.6927620644492753,-0.29420076018305985,-0.1416910859027671,Q,-0.218756252765625,0.13246376234099533,0.790687455929828,-0.21578597568223673,-0.14177569444927626,-0.21578597568223673,011001000110,0.002970277083388262
183,-,signal,0.3265431841527176,2.0196269159354143,-0.14169108590276708,0.2942007601830599,Q,-0.1405448836807086,0.13246376234099533,0.790687455929828,-0.14177569444927626,0.21578597568223679,-0.14177569444927626,011011011101,-0.0012308107685676528
184,-,signal,0.3265431841527176,-2.6927620644492753,-0.29420076018305985,-0.1416910859027671,Q,-0.2358500029765625,0.13246376234099533,0.790687455929828,-0.21578597568223673,-0.14177569444927626,-0.21578597568223673,011001000110,0.02006402729432577
185,-,signal,0.3265431841527176,2.0196269159354143,-0.14169108590276708,0.2942007601830599,Q,-0.1438519703283464,0.13246376234099533,0.790687455929828,-0.14177569444927626,0.21578597568223679,-0.14177569444927626,011011011101,0.0020762758790701386
186,2,ref,1.0,0.0,1.0,0.0,Q,0.7856713300455425,0.12763680654518128,0.7921148075853901,0.7856713300455425,0.1008287138691543,-,-,-
187,4,ref,1.0,0.0,1.0,0.0,P,0.1008287138691543,0.12763680654518128,0.7921148075853901,0.7856713300455425,0.1008287138691543,-,-,-
188,-,signal,0.3265431841527176,-2.6927620644492753,-0.29420076018305985,-0.1416910859027671,Q,-0.2195379872558139,0.12763680654518128,0.7921148075853901,-0.2168585725951344,-0.14098650818540967,-0.2168585725951344,011001000100,0.0026794146606794744
189,-,signal,0.3265431841527176,2.0196269159354143,-0.14169108590276708,0.2942007601830599,Q,-0.1403559072952755,0.12763680654518128,0.7921148075853901,-0.14098650818540967,0.21685857259513447,-0.14098650818540967,011011011111,-0.0006306008901341698
190,-,signal,0.3265431841527176,-2.6927620644492753,-0.29420076018305985,-0.1416910859027671,Q,-0.2343907006472868,0.12763680654518128,0.7921148075853901,-0.2168585725951344,-0.14098650818540967,-0.2168585725951344,011001000100,0.017532128052152374
191,-,signal,0.3265431841527176,2.0196269159354143,-0.14169108590276708,0.2942007601830599,Q,-0.1420251986570866,0.12763680654518128,0.7921148075853901,-0.14098650818540967,0.21685857259513447,-0.14098650818540967,011011011111,0.0010386904716769285
192,2,ref,1.0,0.0,1.0,0.0,Q,0.7824871370503388,0.126310809823829,0.7887709677273199,0.7824871370503388,0.09936558700202548,-,-,-
193,4,ref,1.0,0.0,1.0,0.0,P,0.0993655870020255,0.126310809823829,0.7887709677273199,0.7824871370503388,0.09936558700202548,-,-,-
194,-,signal,0.3265431841527176,-2.6927620644492753,-0.29420076018305985,-0.1416910859027671,Q,-0.2203751965697674,0.126310809823829,0.7887709677273199,-0.2161290926299929,-0.14010488338564173,-0.2161290926299929,011001000101,0.0042461039397744815
195,-,signal,0.3265431841527176,2.0196269159354143,-0.14169108590276708,0.2942007601830599,Q,-0.1389070883649606,0.126310809823829,0.7887709677273199,-0.1401048833856417,0.21612909262999302,-0.1401048833856417,011011100001,-0.0011977950206810972
196,-,signal,0.3265431841527176,-2.6927620644492753,-0.29420076018305985,-0.1416910859027671,Q,-0.2345147316472868,0.126310809823829,0.7887709677273199,-0.2161290926299929,-0.14010488338564173,-0.2161290926299929,011001000101,0.018385639017293898
197,-,signal,0.3265431841527176,2.0196269159354143,-0.14169108590276708,0.2942007601830599,Q,-0.1431590569543306,0.126310809823829,0.7887709677273199,-0.1401048833856417,0.21612909262999302,-0.1401048833856417,011011100001,0.003054173568688895
198,2,ref,1.0,0.0,1.0,0.0,Q,0.7851102561326828,0.12107138547718325,0.7908997943598849,0.7851102561326828,0.0955215705156764,-,-,-
199,4,ref,1.0,0.0,1.0,0.0,P,0.0955215705156764,0.12107138547718325,0.7908997943598849,0.7851102561326828,0.0955215705156764,-,-,-
200,-,signal,0.3265431841527176,-2.6927620644492753,-0.29420076018305985,-0.1416910859027671,Q,-0.2216625028203125,0.12107138547718325,0.7908997943598849,-0.2174454791282482,-0.1393456434044312,-0.2174454791282482,011001000010,0.004217023692064309
201,-,signal,0.3265431841527176,2.0196269159354143,-0.14169108590276708,0.2942007601830599,Q,-0.1388941193894117,0.12107138547718325,0.7908997943598849,-0.13934564340443117,0.21744547912824824,-0.13934564340443117,011011100010,-0.0004515240150194666
202,-,signal,0.3265431841527176,-2.6927620644492753,-0.29420076018305985,-0.1416910859027671,Q,-0.2346625029921875,0.12107138547718325,0.7908997943598849,-0.2174454791282482,-0.1393456434044312,-0.2174454791282482,011001000010,0.017217023863939307
203,-,signal,0.3265431841527176,2.0196269159354143,-0.14169108590276708,0.2942007601830599,Q,-0.1420627469007843,0.12107138547718325,0.7908997943598849,-0.13934564340443117,0.21744547912824824,-0.13934564340443117,011011100010,0.0027171034963531238
204,2,ref,1.0,0.0,1.0,0.0,Q,0.7828651284496123,0.120368684331907,0.7885708864338795,0.7828651284496123,0.0946901979546274,-,-,-
205,4,ref,1.0,0.0,1.0,0.0,P,0.0946901979546274,0.120368684331907,0.7885708864338795,0.7828651284496123,0.0946901979546274,-,-,-
206,-,signal,0.3265431841527176,-2.6927620644492753,-0.29420076018305985,-0.1416910859027671,Q,-0.2186387624457364,0.120368684331907,0.7885708864338795,-0.2169027589381456,-0.13878293838557063,-0.2169027589381456,011001000100,0.0017360035075908165
207,-,signal,0.3265431841527176,2.0196269159354143,-0.14169108590276708,0.2942007601830599,Q,-0.1399921586447058,0.120368684331907,0.7885708864338795,-0.1387829383855706,0.21690275893814562,-0.1387829383855706,011011100011,0.0012092202591351964
208,-,signal,0.3265431841527176,-2.6927620644492753,-0.29420076018305985,-0.1416910859027671,Q,-0.2353829487073644,0.120368684331907,0.7885708864338795,-0.2169027589381456,-0.13878293838557063,-0.2169027589381456,011001000100,0.018480189769218808
209,-,signal,0.3265431841527176,2.0196269159354143,-0.14169108590276708,0.2942007601830599,Q,-0.1421568645568627,0.120368684331907,0.7885708864338795,-0.1387829383855706,0.21690275893814562,-0.1387829383855706,011011100011,0.003373926171292091
210,2,ref,1.0,0.0,1.0,0.0,Q,0.787004300730994,0.11390040874904829,0.7921370651807924,0.787004300730994,0.0900297765417531,-,-,-
211,4,ref,1.0,0.0,1.0,0.0,P,0.0900297765417531,0.11390040874904829,0.7921370651807924,0.787004300730994,0.0900297765417531,-,-,-
212,-,signal,0.3265431841527176,-2.6927620644492753,-0.29420076018305985,-0.1416910859027671,Q,-0.220912502796875,0.11390040874904829,0.7921370651807924,-0.21878084674061143,-0.1379983226784172,-0.21878084674061143,011001000000,0.002131656056263559
213,-,signal,0.3265431841527176,2.0196269159354143,-0.14169108590276708,0.2942007601830599,Q,-0.1393960801945098,0.11390040874904829,0.7921370651807924,-0.1379983226784172,0.21878084674061146,-0.1379983226784172,011011100101,0.0013977575160926126
214,-,signal,0.3265431841527176,-2.6927620644492753,-0.29420076018305985,-0.1416910859027671,Q,-0.2357250029746094,0.11390040874904829,0.7921370651807924,-0.21878084674061143,-0.1379983226784172,-0.21878084674061143,011001000000,0.016944156233997976
215,-,signal,0.3265431841527176,2.0196269159354143,-0.14169108590276708,0.2942007601830599,Q,-0.1426901978878431,0.11390040874904829,0.7921370651807924,-0.1379983226784172,0.21878084674061146,-0.1379983226784172,011011100101,0.004691875209425905
216,2,ref,1.0,0.0,1.0,0.0,Q,0.7889190366760974,0.12010893477418627,0.7946439783830787,0.7889190366760975,0.0952145259429734,-,-,-
217,4,ref,1.0,0.0,1.0,0.0,P,0.0952145259429734,0.12010893477418627,0.7946439783830787,0.7889190366760975,0.0952145259429734,-,-,-
218,-,signal,0.3265431841527176,-2.6927620644492753,-0.29420076018305985,-0.1416910859027671,Q,-0.2192875027636719,0.12010893477418627,0.7946439783830787,-0.21860953073841807,-0.13979498090889367,-0.21860953073841807,011001000000,0.0006779720252538257
219,-,signal,0.3265431841527176,2.0196269159354143,-0.14169108590276708,0.2942007601830599,Q,-0.1383401592299212,0.12010893477418627,0.7946439783830787,-0.13979498090889364,0.2186095307384181,-0.13979498090889364,011011100001,-0.0014548216789724289
220,-,signal,0.3265431841527176,-2.6927620644492753,-0.29420076018305985,-0.1416910859027671,Q,-0.237506253,0.12010893477418627,0.7946439783830787,-0.21860953073841807,-0.13979498090889367,-0.21860953073841807,011001000000,0.018896722261581927
221,-,signal,0.3265431841527176,2.0196269159354143,-0.14169108590276708,0.2942007601830599,Q,-0.1413007892114173,0.12010893477418627,0.7946439783830787,-0.13979498090889364,0.2186095307384181,-0.13979498090889364,011011100001,0.0015058083025236702
222,2,ref,1.0,0.0,1.0,0.0,Q,0.7885742620242013,0.11713754585645657,0.7940154604172618,0.7885742620242013,0.0927964689771246,-,-,-
223,4,ref,1.0,0.0,1.0,0.0,P,0.0927964689771246,0.11713754585645657,0.7940154604172618,0.7885742620242013,0.0927964689771246,-,-,-
224,-,signal,0.3265431841527176,-2.6927620644492753,-0.29420076018305985,-0.1416910859027671,Q,-0.2198170570077519,0.11713754585645657,0.7940154604172618,-0.21885071489100422,-0.13903473521655607,-0.21885071489100422,011001000000,0.000966342116747676
225,-,signal,0.3265431841527176,2.0196269159354143,-0.14169108590276708,0.2942007601830599,Q,-0.1397574820901574,0.11713754585645657,0.7940154604172618,-0.13903473521655607,0.21885071489100427,-0.13903473521655607,011011100011,0.0007227468736013265
226,-,signal,0.3265431841527176,-2.6927620644492753,-0.29420076018305985,-0.1416910859027671,Q,-0.2358480649903101,0.11713754585645657,0.7940154604172618,-0.21885071489100422,-0.13903473521655607,-0.21885071489100422,011001000000,0.01699735009930589
227,-,signal,0.3265431841527176,2.0196269159354143,-0.14169108590276708,0.2942007601830599,Q,-0.1430015766082677,0.11713754585645657,0.7940154604172618,-0.13903473521655607,0.21885071489100427,-0.13903473521655607,011011100011,0.003966841391711634
228,2,ref,1.0,0.0,1.0,0.0,Q,0.7883687622802733,0.11579128131642467,0.7936835239786573,0.7883687622802733,0.09169640612286681,-,-,-
229,4,ref,1.0,0.0,1.0,0.0,P,0.0916964061228668,0.11579128131642467,0.7936835239786573,0.7883687622802733,0.09169640612286681,-,-,-
230,-,signal,0.3265431841527176,-2.6927620644492753,-0.29420076018305985,-0.1416910859027671,Q,-0.2200062527988281,0.11579128131642467,0.7936835239786573,-0.2189461258105043,-0.13868197840671437,-0.2189461258105043,011000111111,0.0010601269883238063
231,-,signal,0.3265431841527176,2.0196269159354143,-0.14169108590276708,0.2942007601830599,Q,-0.1380591456996108,0.11579128131642467,0.7936835239786573,-0.13868197840671437,0.21894612581050432,-0.13868197840671437,011011100100,-0.00062283270710356
232,-,signal,0.3265431841527176,-2.6927620644492753,-0.29420076018305985,-0.1416910859027671,Q,-0.2358500029726563,0.11579128131642467,0.7936835239786573,-0.2189461258105043,-0.13868197840671437,-0.2189461258105043,011000111111,0.016903877162151998
233,-,signal,0.3265431841527176,2.0196269159354143,-0.14169108590276708,0.2942007601830599,Q,-0.1424482508307392,0.11579128131642467,0.7936835239786573,-0.13868197840671437,0.21894612581050432,-0.13868197840671437,011011100100,0.00376627242402483
234,2,ref,1.0,0.0,1.0,0.0,Q,0.7858814936978558,0.11485173101638399,0.7910933856072587,0.7858814936978556,0.09065882535518618,-,-,-
235,4,ref,1.0,0.0,1.0,0.0,P,0.0906588253551862,0.11485173101638399,0.7910933856072587,0.7858814936978556,0.09065882535518618,-,-,-
236,-,signal,0.3265431841527176,-2.6927620644492753,-0.29420076018305985,-0.1416910859027671,Q,-0.2203812527890625,0.11485173101638399,0.7910933856072587,-0.21836138544846204,-0.13802429756973683,-0.21836138544846204,011001000001,0.002019867340600473
237,-,signal,0.3265431841527176,2.0196269159354143,-0.14169108590276708,0.2942007601830599,Q,-0.1385490213572549,0.11485173101638399,0.7910933856072587,-0.1380242975697368,0.2183613854484621,-0.1380242975697368,011011100101,0.0005247237875180832
238,-,signal,0.3265431841527176,-2.6927620644492753,-0.29420076018305985,-0.1416910859027671,Q,-0.2358812529726562,0.11485173101638399,0.7910933856072587,-0.21836138544846204,-0.13802429756973683,-0.21836138544846204,011001000001,0.017519867524194155
239,-,signal,0.3265431841527176,2.0196269159354143,-0.14169108590276708,0.2942007601830599,Q,-0.1418745116349019,0.11485173101638399,0.7910933856072587,-0.1380242975697368,0.2183613854484621,-0.1380242975697368,011011100101,0.0038502140651650862
240,2,ref,1.0,0.0,1.0,0.0,Q,0.7886885113109162,0.11625662811407902,0.794048492605402,0.7886885113109161,0.0921055955687929,-,-,-
241,4,ref,1.0,0.0,1.0,0.0,P,0.0921055955687929,0.11625662811407902,0.794048492605402,0.7886885113109161,0.0921055955687929,-,-,-
242,-,signal,0.3265431841527176,-2.6927620644492753,-0.29420076018305985,-0.1416910859027671,Q,-0.2200687527519531,0.11625662811407902,0.794048492605402,-0.218982217721454,-0.13884766784013283,-0.218982217721454,011000111111,0.0010865350304991028
243,-,signal,0.3265431841527176,2.0196269159354143,-0.14169108590276708,0.2942007601830599,Q,-0.1375842536996062,0.11625662811407902,0.794048492605402,-0.13884766784013283,0.21898221772145401,-0.13884766784013283,011011100011,-0.0012634141405266364
244,-,signal,0.3265431841527176,-2.6927620644492753,-0.29420076018305985,-0.1416910859027671,Q,-0.2348187529726562,0.11625662811407902,0.794048492605402,-0.218982217721454,-0.13884766784013283,-0.218982217721454,011000111111,0.01583653525120221
245,-,signal,0.3265431841527176,2.0196269159354143,-0.14169108590276708,0.2942007601830599,Q,-0.1422771671811023,0.11625662811407902,0.794048492605402,-0.13884766784013283,0.21898221772145401,-0.13884766784013283,011011100011,0.0034294993409694774
246,2,ref,1.0,0.0,1.0,0.0,Q,0.7851131905058139,0.12308937756624608,0.7910985930730673,0.7851131905058139,0.0971301294963002,-,-,-
247,4,ref,1.0,0.0,1.0,0.0,P,0.0971301294963002,0.12308937756624608,0.7910985930730673,0.7851131905058139,0.0971301294963002,-,-,-
248,-,signal,0.3265431841527176,-2.6927620644492753,-0.29420076018305985,-0.1416910859027671,Q,-0.217894576372093,0.12308937756624608,0.7910985930730673,-0.2172184239543508,-0.1398192984538454,-0.2172184239543508,011001000011,0.0006761524177422151
249,-,signal,0.3265431841527176,2.0196269159354143,-0.14169108590276708,0.2942007601830599,Q,-0.1398834663602362,0.12308937756624608,0.7910985930730673,-0.1398192984538454,0.21721842395435081,-0.1398192984538454,011011100001,6.416790639082737e-05
250,-,signal,0.3265431841527176,-2.6927620644492753,-0.29420076018305985,-0.1416910859027671,Q,-0.23587907275,0.12308937756624608,0.7910985930730673,-0.2172184239543508,-0.1398192984538454,-0.2172184239543508,011001000011,0.018660648795649215
251,-,signal,0.3265431841527176,2.0196269159354143,-0.14169108590276708,0.2942007601830599,Q,-0.141647245893307,0.12308937756624608,0.7910985930730673,-0.1398192984538454,0.21721842395435081,-0.1398192984538454,011011100001,0.0018279474394616024
252,2,ref,1.0,0.0,1.0,0.0,Q,0.781587938150925,0.12970793281366205,0.7882091207432917,0.781587938150925,0.10195054173421,-,-,-
253,4,ref,1.0,0.0,1.0,0.0,P,0.10195054173421,0.12970793281366205,0.7882091207432917,0.781587938150925,0.10195054173421,-,-,-
254,-,signal,0.3265431841527176,-2.6927620644492753,-0.29420076018305985,-0.1416910859027671,Q,-0.2198812527714844,0.12970793281366205,0.7882091207432917,-0.21549828258721684,-0.14073797056438866,-0.21549828258721684,011001000110,0.0043829701842675595
255,-,signal,0.3265431841527176,2.0196269159354143,-0.14169108590276708,0.2942007601830599,Q,-0.1395055135838582,0.12970793281366205,0.7882091207432917,-0.14073797056438866,0.21549828258721695,-0.14073797056438866,011011011111,-0.0012324569805304553
256,-,signal,0.3265431841527176,-2.6927620644492753,-0.29420076018305985,-0.1416910859027671,Q,-0.2341937529628906,0.12970793281366205,0.7882091207432917,-0.21549828258721684,-0.14073797056438866,-0.21549828258721684,011001000110,0.01869547037567376
257,-,signal,0.3265431841527176,2.0196269159354143,-0.14169108590276708,0.2942007601830599,Q,-0.1429070884279527,0.12970793281366205,0.7882091207432917,-0.14073797056438866,0.21549828258721695,-0.14073797056438866,011011011111,0.002169117863564024
258,2,ref,1.0,0.0,1.0,0.0,Q,0.782086477600779,0.1330007086114723,0.7890550680305602,0.782086477600779,0.1046357584132613,-,-,-
259,4,ref,1.0,0.0,1.0,0.0,P,0.1046357584132613,0.1330007086114723,0.7890550680305602,0.782086477600779,0.1046357584132613,-,-,-
260,-,signal,0.3265431841527176,-2.6927620644492753,-0.29420076018305985,-0.1416910859027671,Q,-0.2209125027929687,0.1330007086114723,0.7890550680305602,-0.21526448200520615,-0.141598601948637,-0.21526448200520615,011001000111,0.005648020787762553
261,-,signal,0.3265431841527176,2.0196269159354143,-0.14169108590276708,0.2942007601830599,Q,-0.1394740175287401,0.1330007086114723,0.7890550680305602,-0.14159860194863697,0.21526448200520618,-0.14159860194863697,011011011110,-0.002124584419896852
262,-,signal,0.3265431841527176,-2.6927620644492753,-0.29420076018305985,-0.1416910859027671,Q,-0.23469375296875,0.1330007086114723,0.7890550680305602,-0.21526448200520615,-0.141598601948637,-0.21526448200520615,011001000111,0.019429270963543854
263,-,signal,0.3265431841527176,2.0196269159354143,-0.14169108590276708,0.2942007601830599,Q,-0.1430645687555118,0.1330007086114723,0.7890550680305602,-0.14159860194863697,0.21526448200520618,-0.14159860194863697,011011011110,0.00146596680687483
264,2,ref,1.0,0.0,1.0,0.0,Q,0.7795470423106134,0.14166983127505545,0.7874358881728428,0.7795470423106134,0.1111831228529244,-,-,-
265,4,ref,1.0,0.0,1.0,0.0,P,0.1111831228529244,0.14166983127505545,0.7874358881728428,0.7795470423106134,0.1111831228529244,-,-,-
266,-,signal,0.3265431841527176,-2.6927620644492753,-0.29420076018305985,-0.1416910859027671,Q,-0.2205687527910156,0.14166983127505545,0.7874358881728428,-0.21358967503514678,-0.14316502620013802,-0.21358967503514678,011001001010,0.006979077755868812
267,-,signal,0.3265431841527176,2.0196269159354143,-0.14169108590276708,0.2942007601830599,Q,-0.1408913403555118,0.14166983127505545,0.7874358881728428,-0.14316502620013802,0.2135896750351468,-0.14316502620013802,011011011010,-0.0022736858446262276
268,-,signal,0.3265431841527176,-2.6927620644492753,-0.29420076018305985,-0.1416910859027671,Q,-0.2351000029628906,0.14166983127505545,0.7874358881728428,-0.21358967503514678,-0.14316502620013802,-0.21358967503514678,011001001010,0.021510327927743822
269,-,signal,0.3265431841527176,2.0196269159354143,-0.14169108590276708,0.2942007601830599,Q,-0.1423086632342519,0.14166983127505545,0.7874358881728428,-0.14316502620013802,0.2135896750351468,-0.14316502620013802,011011011010,-0.0008563629658861205
270,2,ref,1.0,0.0,1.0,0.0,Q,0.7794822967241046,0.1458964474307956,0.787852458234356,0.7794822967241046,0.11453752677455792,-,-,-
271,4,ref,1.0,0.0,1.0,0.0,P,0.1145375267745579,0.1458964474307956,0.787852458234356,0.7794822967241046,0.11453752677455792,-,-,-
272,-,signal,0.3265431841527176,-2.6927620644492753,-0.29420076018305985,-0.1416910859027671,Q,-0.2198480647945736,0.1458964474307956,0.787852458234356,-0.21309533770016462,-0.14414272051138383,-0.21309533770016462,011001001011,0.0067527270944089945
273,-,signal,0.3265431841527176,2.0196269159354143,-0.14169108590276708,0.2942007601830599,Q,-0.1413952773996062,0.1458964474307956,0.787852458234356,-0.1441427205113838,0.21309533770016464,-0.1441427205113838,011011011000,-0.0027474431117776033
274,-,signal,0.3265431841527176,-2.6927620644492753,-0.29420076018305985,-0.1416910859027671,Q,-0.2352589176957364,0.1458964474307956,0.787852458234356,-0.21309533770016462,-0.14414272051138383,-0.21309533770016462,011001001011,0.02216357999557178
275,-,signal,0.3265431841527176,2.0196269159354143,-0.14169108590276708,0.2942007601830599,Q,-0.1449543325669291,0.1458964474307956,0.787852458234356,-0.1441427205113838,0.21309533770016464,-0.1441427205113838,011011011000,0.0008116120555453077
276,2,ref,1.0,0.0,1.0,0.0,Q,0.7747421430488759,0.15374296559480638,0.7839894465699708,0.7747421430488759,0.12005858618659551,-,-,-
277,4,ref,1.0,0.0,1.0,0.0,P,0.1200585861865955,0.15374296559480638,0.7839894465699708,0.7747421430488759,0.12005858618659551,-,-,-
278,-,signal,0.3265431841527176,-2.6927620644492753,-0.29420076018305985,-0.1416910859027671,Q,-0.2193333361156863,0.15374296559480638,0.7839894465699708,-0.21091849598210252,-0.14509538286583196,-0.21091849598210252,011001010000,0.00841484013358379
279,-,signal,0.3265431841527176,2.0196269159354143,-0.14169108590276708,0.2942007601830599,Q,-0.1421992236167314,0.15374296559480638,0.7839894465699708,-0.14509538286583196,0.21091849598210258,-0.14509538286583196,011011010110,-0.002896159249100555
280,-,signal,0.3265431841527176,-2.6927620644492753,-0.29420076018305985,-0.1416910859027671,Q,-0.2353960814078431,0.15374296559480638,0.7839894465699708,-0.21091849598210252,-0.14509538286583196,-0.21091849598210252,011001010000,0.024477585425740578
281,-,signal,0.3265431841527176,2.0196269159354143,-0.14169108590276708,0.2942007601830599,Q,-0.1449696516723735,0.15374296559480638,0.7839894465699708,-0.14509538286583196,0.21091849598210258,-0.14509538286583196,011011010110,-0.0001257311934584615
282,2,ref,1.0,0.0,1.0,0.0,Q,0.7749355524634859,0.15496543352132292,0.7843343354666502,0.774935552463486,0.1210588258658725,-,-,-
283,4,ref,1.0,0.0,1.0,0.0,P,0.1210588258658725,0.15496543352132292,0.7843343354666502,0.774935552463486,0.1210588258658725,-,-,-
284,-,signal,0.3265431841527176,-2.6927620644492753,-0.29420076018305985,-0.1416910859027671,Q,-0.2186937527441406,0.15496543352132292,0.7843343354666502,-0.21083367213258755,-0.14541705852982043,-0.21083367213258755,011001010000,0.00786008061155305
285,-,signal,0.3265431841527176,2.0196269159354143,-0.14169108590276708,0.2942007601830599,Q,-0.1427529429882353,0.15496543352132292,0.7843343354666502,-0.14541705852982043,0.2108336721325876,-0.14541705852982043,011011010110,-0.0026641155415851325
286,-,signal,0.3265431841527176,-2.6927620644492753,-0.29420076018305985,-0.1416910859027671,Q,-0.2351000029726563,0.15496543352132292,0.7843343354666502,-0.21083367213258755,-0.14541705852982043,-0.21083367213258755,011001010000,0.02426633084006874
287,-,signal,0.3265431841527176,2.0196269159354143,-0.14169108590276708,0.2942007601830599,Q,-0.1437882371447058,0.15496543352132292,0.7843343354666502,-0.14541705852982043,0.2108336721325876,-0.14541705852982043,011011010110,-0.0016288213851146371
288,2,ref,1.0,0.0,1.0,0.0,Q,0.7752772050419103,0.16060075221687442,0.7853840019535487,0.7752772050419103,0.1255917428295968,-,-,-
289,4,ref,1.0,0.0,1.0,0.0,P,0.1255917428295968,0.16060075221687442,0.7853840019535487,0.7752772050419103,0.1255917428295968,-,-,-
290,-,signal,0.3265431841527176,-2.6927620644492753,-0.29420076018305985,-0.1416910859027671,Q,-0.2174750027207031,0.16060075221687442,0.7853840019535487,-0.21029191265398134,-0.14679905527123327,-0.21029191265398134,011001010001,0.00718309006672177
291,-,signal,0.3265431841527176,2.0196269159354143,-0.14169108590276708,0.2942007601830599,Q,-0.1418677183503936,0.16060075221687442,0.7853840019535487,-0.14679905527123324,0.21029191265398142,-0.14679905527123324,011011010011,-0.004931336920839635
292,-,signal,0.3265431841527176,-2.6927620644492753,-0.29420076018305985,-0.1416910859027671,Q,-0.2321937529472656,0.16060075221687442,0.7853840019535487,-0.21029191265398134,-0.14679905527123327,-0.21029191265398134,011001010001,0.021901840293284264
293,-,signal,0.3265431841527176,2.0196269159354143,-0.14169108590276708,0.2942007601830599,Q,-0.1466236239212598,0.16060075221687442,0.7853840019535487,-0.14679905527123324,0.21029191265398142,-0.14679905527123324,011011010011,-0.00017543134997344279
294,2,ref,1.0,0.0,1.0,0.0,Q,0.7715033258557504,0.1642718145386022,0.7820312653839363,0.7715033258557504,0.12788869469783667,-,-,-
295,4,ref,1.0,0.0,1.0,0.0,P,0.1278886946978367,0.1642718145386022,0.7820312653839363,0.7715033258557504,0.12788869469783667,-,-,-
296,-,signal,0.3265431841527176,-2.6927620644492753,-0.29420076018305985,-0.1416910859027671,Q,-0.2193812527441406,0.1642718145386022,0.7820312653839363,-0.20885617692409675,-0.14694009521702045,-0.20885617692409675,011001010100,0.010525075820043861
297,-,signal,0.3265431841527176,2.0196269159354143,-0.14169108590276708,0.2942007601830599,Q,-0.1427181120531495,0.1642718145386022,0.7820312653839363,-0.14694009521702045,0.2088561769240968,-0.14694009521702045,011011010011,-0.004221983163870957
298,-,signal,0.3265431841527176,-2.6927620644492753,-0.29420076018305985,-0.1416910859027671,Q,-0.2351937529804688,0.1642718145386022,0.7820312653839363,-0.20885617692409675,-0.14694009521702045,-0.20885617692409675,011001010100,0.026337576056372047
299,-,signal,0.3265431841527176,2.0196269159354143,-0.14169108590276708,0.2942007601830599,Q,-0.1457732302303149,0.1642718145386022,0.7820312653839363,-0.14694009521702045,0.2088561769240968,-0.14694009521702045,011011010011,-0.0011668649867055403
300,2,ref,1.0,0.0,1.0,0.0,Q,0.7727629388760976,0.1677130231181535,0.783759789990395,0.7727629388760976,0.1308313750801568,-,-,-
301,4,ref,1.0,0.0,1.0,0.0,P,0.1308313750801568,0.1677130231181535,0.783759789990395,0.7727629388760976,0.1308313750801568,-,-,-
302,-,signal,0.3265431841527176,-2.6927620644492753,-0.29420076018305985,-0.1416910859027671,Q,-0.2192250027851562,0.1677130231181535,0.783759789990395,-0.20880980445338368,-0.14798430995914508,-0.20880980445338368,011001010100,0.010415198331772513
303,-,signal,0.3265431841527176,2.0196269159354143,-0.14169108590276708,0.2942007601830599,Q,-0.1441647077305882,0.1677130231181535,0.783759789990395,-0.14798430995914505,0.20880980445338376,-0.14798430995914505,011011010001,-0.0038196022285568454
304,-,signal,0.3265431841527176,-2.6927620644492753,-0.29420076018305985,-0.1416910859027671,Q,-0.2335687529550781,0.1677130231181535,0.783759789990395,-0.20880980445338368,-0.14798430995914508,-0.20880980445338368,011001010100,0.02475894850169441
305,-,signal,0.3265431841527176,2.0196269159354143,-0.14169108590276708,0.2942007601830599,Q,-0.1465176489392156,0.1677130231181535,0.783759789990395,-0.14798430995914505,0.20880980445338376,-0.14798430995914505,011011010001,-0.001466661019929455
306,2,ref,1.0,0.0,1.0,0.0,Q,0.7671187619794921,0.17733915531465486,0.7793415026628637,0.7671187619794921,0.137484482003831,-,-,-
307,4,ref,1.0,0.0,1.0,0.0,P,0.137484482003831,0.17733915531465486,0.7793415026628637,0.7671187619794921,0.137484482003831,-,-,-
308,-,signal,0.3265431841527176,-2.6927620644492753,-0.29420076018305985,-0.1416910859027671,Q,-0.2171312527441406,0.17733915531465486,0.7793415026628637,-0.20620659737515207,-0.14914192952016186,-0.20620659737515207,011001011001,0.01092465536898854
309,-,signal,0.3265431841527176,2.0196269159354143,-0.14169108590276708,0.2942007601830599,Q,-0.1425291356712598,0.17733915531465486,0.7793415026628637,-0.14914192952016186,0.20620659737515215,-0.14914192952016186,011011001110,-0.0066127938489020655
310,-,signal,0.3265431841527176,-2.6927620644492753,-0.29420076018305985,-0.1416910859027671,Q,-0.2336937529765625,0.17733915531465486,0.7793415026628637,-0.20620659737515207,-0.14914192952016186,-0.20620659737515207,011001011001,0.027487155601410435
311,-,signal,0.3265431841527176,2.0196269159354143,-0.14169108590276708,0.2942007601830599,Q,-0.1476944900704724,0.17733915531465486,0.7793415026628637,-0.14914192952016186,0.20620659737515215,-0.14914192952016186,011011001110,-0.001447439449689475
312,2,ref,1.0,0.0,1.0,0.0,Q,0.7673463534409756,0.17832038564809943,0.7797102139963128,0.7673463534409756,0.1383025367482943,-,-,-
313,4,ref,1.0,0.0,1.0,0.0,P,0.1383025367482943,0.17832038564809943,0.7797102139963128,0.7673463534409756,0.1383025367482943,-,-,-
314,-,signal,0.3265431841527176,-2.6927620644492753,-0.29420076018305985,-0.1416910859027671,Q,-0.2187562527539062,0.17832038564809943,0.7797102139963128,-0.20615764389106075,-0.14941484952917414,-0.20615764389106075,011001011001,0.012598608862845445
315,-,signal,0.3265431841527176,2.0196269159354143,-0.14169108590276708,0.2942007601830599,Q,-0.1444437518457031,0.17832038564809943,0.7797102139963128,-0.1494148495291741,0.2061576438910608,-0.1494148495291741,011011001110,-0.00497109768347101
316,-,signal,0.3265431841527176,-2.6927620644492753,-0.29420076018305985,-0.1416910859027671,Q,-0.2331000029433594,0.17832038564809943,0.7797102139963128,-0.20615764389106075,-0.14941484952917414,-0.20615764389106075,011001011001,0.026942359052298637
317,-,signal,0.3265431841527176,2.0196269159354143,-0.14169108590276708,0.2942007601830599,Q,-0.1468500018687499,0.17832038564809943,0.7797102139963128,-0.1494148495291741,0.2061576438910608,-0.1494148495291741,011011001110,-0.0025648476604241965
318,2,ref,1.0,0.0,1.0,0.0,Q,0.7689229388253659,0.17753404329335973,0.7812017268175672,0.7689229388253659,0.1379625026262988,-,-,-
319,4,ref,1.0,0.0,1.0,0.0,P,0.1379625026262988,0.17753404329335973,0.7812017268175672,0.7689229388253659,0.1379625026262988,-,-,-
320,-,signal,0.3265431841527176,-2.6927620644492753,-0.29420076018305985,-0.1416910859027671,Q,-0.21860000275,0.17753404329335973,0.7812017268175672,-0.20666965631363146,-0.14953819932712756,-0.20666965631363146,011001011000,0.011930346436368533
321,-,signal,0.3265431841527176,2.0196269159354143,-0.14169108590276708,0.2942007601830599,Q,-0.1444750018554687,0.17753404329335973,0.7812017268175672,-0.14953819932712753,0.2066696563136315,-0.14953819932712753,011011001101,-0.005063197471658842
322,-,signal,0.3265431841527176,-2.6927620644492753,-0.29420076018305985,-0.1416910859027671,Q,-0.2342562529726563,0.17753404329335973,0.7812017268175672,-0.20666965631363146,-0.14953819932712756,-0.20666965631363146,011001011000,0.027586596659024826
323,-,signal,0.3265431841527176,2.0196269159354143,-0.14169108590276708,0.2942007601830599,Q,-0.1461937518671874,0.17753404329335973,0.7812017268175672,-0.14953819932712753,0.2066696563136315,-0.14953819932712753,011011001101,-0.003344447459940142
324,2,ref,1.0,0.0,1.0,0.0,Q,0.7679477702680311,0.17550471466006373,0.7799286135947614,0.7679477702680312,0.1361795301952755,-,-,-
325,4,ref,1.0,0.0,1.0,0.0,P,0.1361795301952755,0.17550471466006373,0.7799286135947614,0.7679477702680312,0.1361795301952755,-,-,-
326,-,signal,0.3265431841527176,-2.6927620644492753,-0.29420076018305985,-0.1416910859027671,Q,-0.2196937527480469,0.17550471466006373,0.7799286135947614,-0.20663539228264333,-0.1488754747907081,-0.20663539228264333,011001011001,0.013058360465403568
327,-,signal,0.3265431841527176,2.0196269159354143,-0.14169108590276708,0.2942007601830599,Q,-0.1429070884641732,0.17550471466006373,0.7799286135947614,-0.14887547479070806,0.20663539228264338,-0.14887547479070806,011011001111,-0.005968386326534875
328,-,signal,0.3265431841527176,-2.6927620644492753,-0.29420076018305985,-0.1416910859027671,Q,-0.2336625029628906,0.17550471466006373,0.7799286135947614,-0.20663539228264333,-0.1488754747907081,-0.20663539228264333,011001011001,0.027027110680247268
329,-,signal,0.3265431841527176,2.0196269159354143,-0.14169108590276708,0.2942007601830599,Q,-0.1459937026515747,0.17550471466006373,0.7799286135947614,-0.14887547479070806,0.20663539228264338,-0.14887547479070806,011011001111,-0.0028817721391333484
